aer03.jpg,3280,423,734,257,380,95,272,251,376,69,157,74,258,58,554,327,385,80,92,59,95,28,66,70,268,64,81,75,559,87,641,390,708,91,546,67,99,39,68,52,115,23,47,14,85,14,118,99,269,49,73,36,72,20,67,52,535,110,114,82,577,132,765,383,421,95,103,75,77,21,62,73,71,16,23,13,55,14,97,111,81,31,27,21,21,8,23,30,62,28,22,16,109,40,123,163,292,72,81,71,54,18,43,50,45,12,11,23,65,21,60,66,278,77,46,60,61,28,44,91,342,91,67,84,338,167,433,581,381,287,144,499,49,61,55,328,112,34,34,97,39,60,89,371,56,56,35,119,20,19,16,78,55,34,13,72,57,59,94,404,140,69,49,125,14,20,12,78,31,12,12,28,11,20,46,127,54,65,16,76,15,27,15,92,95,65,29,115,91,120,133,565,309,575,81,744,47,93,61,358,45,50,14,79,41,80,72,367,70,102,24,143,13,59,19,141,52,76,15,110,70,231,120,849,528,727,134,1136,95,152,66,382,95,96,29,155,66,122,98,620,354,379,81,361,99,157,81,542,417,393,115,616,377,780,614,7365
aero.jpg,2371,276,404,171,255,60,156,303,372,57,68,39,180,47,434,465,272,66,63,26,58,17,39,43,180,28,40,40,342,41,625,250,438,82,479,38,57,23,31,45,84,20,18,8,35,15,68,55,175,36,33,41,28,10,45,31,482,97,79,66,575,135,827,339,277,47,55,40,68,16,26,50,79,11,24,10,32,17,78,119,87,16,25,15,26,13,17,23,30,10,11,21,65,30,135,127,195,40,40,36,36,9,26,32,24,22,13,14,47,21,70,94,302,46,40,29,48,27,37,73,430,95,62,96,237,148,337,516,350,153,65,472,55,41,68,373,206,28,18,70,33,33,77,507,70,37,17,95,16,7,14,102,42,24,13,62,30,34,81,327,79,43,19,75,12,11,14,62,35,13,12,28,17,14,35,131,44,26,13,77,9,19,15,90,102,50,27,108,70,109,151,632,209,436,33,656,18,72,43,239,49,42,15,71,20,36,75,296,55,59,18,119,14,31,22,150,40,32,21,88,41,78,94,545,495,659,77,1005,89,131,87,328,87,80,21,177,58,106,109,621,434,248,72,380,102,138,88,481,613,321,136,612,341,519,617,14600
aero2.jpg,3162,432,653,264,457,108,261,265,466,74,142,61,246,69,489,291,439,109,102,54,125,35,58,71,283,52,62,66,433,93,509,342,637,95,459,70,103,40,64,49,126,33,38,24,78,18,114,77,240,80,76,29,72,30,73,50,429,97,104,86,547,130,642,352,400,112,116,67,128,37,59,71,78,21,30,14,65,26,109,98,110,31,20,26,32,23,22,29,73,18,26,21,83,42,139,185,273,51,67,64,60,14,31,40,49,15,19,19,74,20,77,94,251,83,46,39,80,40,38,91,320,107,82,113,325,143,360,609,469,262,135,450,72,50,64,343,127,44,23,102,45,43,85,355,94,65,26,103,25,30,14,120,52,39,18,69,46,59,82,328,127,79,41,104,20,19,24,73,41,17,13,32,18,17,37,144,58,68,27,88,23,27,19,115,103,81,25,119,87,128,168,640,259,404,60,491,58,98,57,328,57,51,17,94,29,69,66,344,51,81,20,133,22,53,22,142,54,56,14,119,58,174,109,732,459,478,111,692,94,121,60,341,87,87,38,157,70,135,152,622,310,311,81,354,108,177,103,603,430,339,142,605,354,726,640,9496
aero4.jpg,2900,250,759,162,265,73,139,184,240,57,79,20,143,31,433,270,251,56,72,34,56,30,30,45,149,33,36,40,609,85,919,242,723,71,1620,39,71,18,37,25,63,16,16,8,32,8,71,60,153,28,34,17,31,19,29,40,411,94,69,51,884,149,2293,353,246,59,73,33,78,17,36,62,30,19,14,10,31,12,88,78,69,23,25,12,23,12,10,20,36,9,11,14,80,26,118,127,160,40,35,38,21,19,19,29,26,8,10,16,39,21,55,85,185,43,34,52,43,22,32,64,290,81,57,86,245,125,378,454,269,148,62,454,45,38,24,249,80,25,14,70,36,29,89,291,56,31,21,79,16,17,15,61,32,20,14,52,56,61,75,339,78,41,25,79,18,16,6,63,24,12,7,26,11,12,24,124,31,31,15,67,11,21,12,92,65,57,18,108,74,114,177,583,131,580,38,840,31,67,27,247,23,43,12,81,9,64,55,337,40,71,17,111,12,37,25,119,39,55,19,106,45,161,99,750,457,861,64,1857,87,119,63,312,60,77,20,154,48,115,111,565,275,272,68,318,85,145,69,466,399,315,135,607,356,783,573,10645
aero5.jpg,1041,150,242,60,148,32,73,53,127,26,38,17,55,11,118,67,164,64,45,23,38,22,29,13,75,29,25,23,129,29,147,86,207,52,111,25,58,27,37,17,34,8,19,7,36,17,59,27,71,17,32,10,29,7,24,12,112,27,51,17,182,49,190,91,141,32,56,21,38,12,16,19,24,16,12,9,19,7,25,27,38,12,34,7,12,8,4,9,20,12,29,20,29,15,40,36,68,18,31,18,24,13,20,15,14,8,4,3,21,7,26,20,40,13,11,13,20,9,20,21,66,23,26,27,73,44,132,133,119,80,38,112,31,32,17,63,28,14,5,19,15,10,26,77,25,25,16,34,13,12,7,26,13,8,5,23,13,32,28,87,39,42,20,29,13,56,12,35,6,14,5,17,8,32,21,60,17,21,8,14,6,27,7,20,16,17,12,45,33,39,63,199,61,115,34,183,12,28,11,90,10,20,11,34,12,13,21,97,18,30,16,45,13,15,5,39,11,18,38,45,29,61,42,249,111,153,46,453,27,49,35,109,24,30,19,58,30,46,78,229,44,77,27,100,13,36,29,142,277,81,57,176,92,264,216,37424
aero_0001 (1).jpg,3655,465,1106,381,490,114,386,377,579,74,169,64,329,64,612,415,473,95,164,86,140,29,113,70,332,58,123,68,743,134,832,385,1056,138,659,119,154,42,145,77,167,25,87,24,151,36,192,84,380,60,133,41,81,29,115,73,609,138,182,73,817,161,890,403,478,125,165,97,105,35,62,57,69,23,17,20,65,22,101,116,105,24,32,25,41,13,31,44,78,22,32,35,137,74,167,190,382,91,137,92,68,34,55,47,63,17,21,14,67,38,86,90,334,72,68,59,76,47,55,108,447,99,100,104,381,180,458,730,554,380,174,577,84,74,62,434,328,59,44,98,55,64,92,575,64,71,35,126,20,26,19,98,50,46,27,76,80,96,113,417,152,154,74,188,21,24,27,77,35,18,16,45,17,32,42,177,47,67,22,83,16,31,21,118,99,75,43,113,102,165,187,758,319,677,135,793,80,129,71,408,74,83,28,88,51,96,68,413,62,122,33,154,25,64,35,186,51,88,28,176,84,429,194,1117,559,756,191,1060,94,157,99,402,78,105,51,174,86,169,126,715,395,356,91,419,95,219,96,644,734,445,143,718,392,1202,731,11652
aero_0001 (10).jpg,3127,356,810,332,382,68,359,335,524,77,123,56,330,59,581,370,380,76,88,65,79,28,76,70,321,66,114,53,574,102,732,351,833,126,361,122,112,27,102,52,147,23,60,13,88,18,135,74,335,73,105,47,80,27,77,55,542,105,151,70,630,170,726,358,372,93,114,89,82,35,47,72,81,14,11,21,63,37,101,87,83,28,28,18,27,13,18,48,66,21,30,21,111,52,167,173,342,89,87,76,73,15,39,50,57,14,19,16,53,19,63,90,346,78,52,56,65,26,51,120,403,88,71,86,362,172,388,593,507,300,119,545,68,57,67,422,344,59,29,106,51,53,85,596,69,47,21,93,20,19,17,100,62,38,27,77,54,79,85,401,129,99,48,145,26,24,14,70,28,21,13,34,19,32,42,154,48,67,27,83,17,25,10,94,83,62,24,87,90,138,143,632,333,549,91,681,60,101,66,359,59,49,13,87,37,76,60,403,52,131,18,145,14,82,20,165,47,80,30,125,80,268,122,889,586,654,165,779,100,149,94,338,72,85,34,146,80,135,93,575,388,342,83,346,103,191,96,603,727,401,155,638,394,842,619,8749
aero_0001 (11).jpg,3800,488,1016,315,490,109,383,375,656,90,158,52,385,74,567,403,478,88,152,71,119,43,93,79,387,62,99,72,637,132,762,412,1001,119,459,132,147,36,120,74,176,26,67,20,126,26,147,86,367,61,129,41,74,29,71,90,619,120,159,85,733,149,771,462,439,133,149,78,92,33,72,78,92,17,34,18,70,29,99,91,112,48,34,33,40,25,22,51,66,20,23,31,129,68,185,187,396,86,136,106,68,23,47,61,75,26,21,28,63,24,78,113,394,84,58,74,94,36,71,146,447,106,74,95,383,214,463,779,582,327,169,545,87,77,65,382,357,63,57,102,83,67,84,540,84,56,28,102,26,24,16,110,59,59,13,79,86,121,124,404,148,119,71,140,35,30,21,78,35,23,12,31,21,24,37,162,74,70,25,85,25,24,25,100,108,75,51,128,116,170,174,724,374,615,139,777,56,112,55,391,50,49,19,91,49,110,76,423,71,137,39,159,27,74,38,213,71,107,30,143,107,262,146,995,544,666,185,810,104,131,72,400,107,112,33,185,77,144,141,736,397,359,67,406,126,176,112,714,589,411,145,728,457,962,739,12623
aero_0001 (12).jpg,3980,570,752,275,509,152,248,367,596,90,139,60,259,75,419,460,534,128,138,61,140,55,48,73,271,66,66,32,333,77,362,269,766,132,287,82,120,43,72,77,137,34,47,28,74,37,102,89,268,56,69,37,73,25,55,65,423,101,99,73,435,130,442,364,496,134,111,76,133,61,66,80,104,47,34,26,59,34,109,112,132,56,51,36,48,23,27,51,79,33,43,36,82,49,126,182,259,62,84,35,60,27,44,62,59,17,36,26,44,31,90,133,367,74,58,55,62,48,59,136,479,107,89,128,293,195,385,748,600,235,121,471,103,66,70,470,756,63,46,94,61,61,97,983,95,48,28,85,54,34,30,133,47,33,39,85,61,69,83,351,137,81,53,93,42,37,25,98,38,33,20,52,24,38,37,199,67,49,25,73,35,36,29,130,78,81,48,168,107,155,189,772,245,288,73,363,67,87,44,298,63,60,17,87,38,56,75,402,66,87,38,130,31,44,24,170,58,70,16,145,71,205,151,798,437,377,101,610,97,121,85,358,102,89,40,183,83,129,146,784,468,269,123,345,109,193,130,786,1038,394,206,753,379,823,747,14111
aero_0001 (13).jpg,3828,397,1000,371,448,88,371,399,675,87,144,80,375,64,638,475,400,75,109,67,107,26,104,102,377,58,99,68,858,121,904,466,1057,128,677,116,124,31,143,70,168,25,80,27,128,18,172,79,406,59,113,62,96,32,96,66,609,100,158,87,911,177,1052,494,432,79,137,92,93,37,63,110,100,27,21,22,56,23,98,108,97,33,26,21,21,14,21,38,69,22,19,30,104,77,162,181,351,83,124,86,65,22,50,63,71,24,20,20,62,23,72,109,369,94,65,64,83,35,93,177,436,115,79,114,474,208,475,734,673,326,174,633,86,70,78,460,388,84,31,110,74,69,116,618,101,61,26,109,15,24,25,113,99,48,22,89,84,109,90,479,160,84,91,133,21,19,19,74,48,15,12,42,13,34,25,150,54,71,15,79,27,30,20,123,120,81,34,102,131,140,182,670,361,828,117,910,48,125,66,458,72,102,18,112,54,87,79,463,75,121,22,159,27,82,26,193,65,89,20,137,116,302,145,1063,549,834,153,1121,103,146,65,483,115,107,36,187,81,143,104,643,455,436,75,458,113,184,103,748,996,445,137,655,459,1081,671,14026
aero_0001 (14).jpg,3931,493,758,270,495,115,319,392,611,93,140,65,303,61,628,434,503,85,116,69,127,37,82,80,310,60,82,64,470,101,619,373,752,114,314,85,117,42,89,71,173,29,50,17,90,35,121,105,312,69,89,27,84,26,76,88,619,143,146,83,565,160,575,424,514,124,108,75,102,33,61,88,77,22,33,20,62,27,139,101,110,27,33,29,39,17,36,35,76,30,26,23,106,54,149,222,322,78,86,81,58,39,33,57,51,9,19,11,69,22,86,127,427,78,61,47,88,58,67,177,522,119,106,105,336,213,438,780,605,294,161,603,73,75,52,447,421,51,51,102,62,54,109,642,80,56,25,120,16,29,22,131,66,33,17,88,65,72,100,424,148,87,68,156,24,22,24,83,31,25,11,43,21,36,52,185,56,57,24,69,16,31,21,115,108,78,42,167,93,149,168,774,289,371,79,552,65,94,64,378,54,48,20,105,42,78,69,425,76,111,41,153,26,66,36,203,77,71,34,134,88,218,151,860,589,553,139,668,116,160,75,410,105,95,43,155,90,162,146,773,543,350,86,417,119,222,123,807,912,409,192,735,424,899,765,10662
aero_0001 (2).jpg,4642,654,1014,383,745,147,366,391,757,109,201,60,366,80,629,565,668,139,147,91,143,62,95,106,423,71,119,76,547,138,646,408,960,155,306,109,179,60,93,68,186,46,56,29,130,42,139,123,386,79,105,39,92,47,79,68,647,150,137,117,728,151,719,452,638,158,163,114,157,54,70,90,113,50,45,31,80,34,147,130,156,40,60,38,65,38,39,61,87,40,36,34,121,77,180,225,352,103,98,81,75,45,59,70,84,32,21,39,82,37,89,122,413,88,57,55,100,59,81,181,539,158,119,160,442,245,461,936,751,359,158,661,119,73,90,529,348,84,41,105,61,72,113,689,110,85,45,123,38,35,30,148,80,42,29,107,63,88,122,516,189,97,73,124,39,32,28,116,55,25,27,42,22,38,46,213,84,79,33,85,40,32,31,136,139,89,51,155,117,190,213,941,381,538,95,655,74,134,78,435,77,69,31,107,52,93,106,510,84,126,29,161,32,81,45,239,77,81,38,184,82,224,178,985,597,583,145,799,145,160,96,458,98,123,53,220,104,173,188,955,550,393,100,498,162,207,144,943,650,497,208,946,460,981,883,15170
aero_0001 (3).jpg,3325,478,952,361,455,121,339,343,567,89,152,80,356,61,535,377,459,103,143,79,121,37,94,79,340,76,126,74,601,131,731,400,944,147,522,116,141,36,103,76,181,28,80,31,142,27,150,85,372,69,131,62,64,22,68,53,491,111,166,83,642,155,743,406,467,124,144,71,98,28,81,77,73,18,43,26,73,28,121,107,102,39,33,19,32,18,27,39,91,27,30,26,107,65,158,201,390,66,130,80,68,29,51,52,64,18,23,13,80,23,85,93,359,81,75,60,66,42,68,135,388,92,64,103,393,173,421,641,552,347,146,509,82,64,69,427,367,64,37,96,70,61,107,810,84,93,29,108,23,23,24,103,74,48,26,61,63,82,94,374,176,126,71,155,35,24,20,66,26,21,15,43,16,25,44,135,83,73,21,79,23,43,27,79,88,73,32,124,106,141,162,646,370,634,138,704,79,99,66,380,67,77,27,75,46,91,86,392,63,109,32,132,24,61,34,185,53,87,23,135,80,343,141,921,512,780,138,920,99,158,56,384,88,88,35,142,90,140,133,648,355,375,66,366,107,161,91,616,908,400,131,598,423,977,639,14901
aero_0001 (4).jpg,3838,483,1234,498,498,98,472,344,594,107,205,89,389,83,621,427,485,127,157,80,113,28,94,82,391,89,159,100,669,140,716,389,1313,165,939,141,161,33,171,74,183,22,97,32,150,32,186,68,454,81,160,83,87,28,94,72,578,125,185,104,692,165,849,420,482,120,159,99,107,33,79,86,84,27,28,14,90,22,120,106,104,33,27,29,34,24,31,50,61,35,31,30,154,97,134,198,457,119,163,125,76,33,59,61,100,12,21,20,98,34,86,98,275,82,75,72,86,37,70,120,326,110,86,106,413,211,405,655,665,397,180,597,93,63,97,398,204,85,44,97,90,68,98,541,82,75,32,118,29,23,21,117,65,54,22,69,76,115,98,395,218,165,93,184,27,31,20,98,47,16,18,35,23,31,33,120,77,96,25,92,23,34,31,123,107,59,33,131,89,186,159,663,426,684,155,743,97,156,89,432,85,85,28,94,57,134,90,462,71,143,33,142,36,99,25,213,83,129,51,155,144,583,182,1310,557,761,163,923,105,149,107,431,100,91,33,152,87,175,142,645,308,419,88,449,88,192,104,651,429,424,127,657,432,1316,618,11314
aero_0001 (5).jpg,3612,509,1156,492,452,111,469,368,595,67,183,68,437,67,740,460,480,98,136,89,103,40,96,90,412,70,143,100,786,132,1008,538,1088,159,544,128,128,37,123,63,167,26,80,24,147,19,178,104,484,98,141,72,96,24,86,69,691,152,182,117,786,152,1063,516,468,154,136,108,116,23,78,92,80,17,29,21,86,28,147,119,90,34,30,23,39,15,18,42,75,22,22,15,160,73,168,207,477,117,158,110,73,24,63,69,76,22,23,24,94,40,101,93,438,94,81,61,108,48,72,129,427,104,69,112,492,193,475,684,639,411,188,723,58,91,84,493,203,85,30,116,83,64,110,533,86,87,27,118,23,32,14,109,86,53,23,94,71,106,110,482,209,173,84,199,29,23,26,91,36,31,15,42,25,35,31,134,65,91,28,95,13,28,16,106,105,92,40,125,120,149,148,688,473,883,155,808,86,162,87,520,79,73,20,103,59,109,108,463,78,126,28,172,19,82,32,201,83,100,31,178,102,381,196,1160,741,1079,186,1142,120,190,87,504,93,110,50,176,95,177,144,693,504,537,96,518,103,211,102,673,710,471,144,705,475,1199,660,11407
anchor (1).jpg,3158,446,617,264,424,85,293,323,631,121,139,93,305,62,453,361,434,92,115,75,114,26,63,61,284,74,57,90,279,80,404,348,636,121,232,85,85,38,66,65,139,33,37,20,83,19,91,87,262,59,58,58,66,16,62,80,390,112,94,85,363,105,469,348,395,109,97,65,108,33,92,82,108,28,30,26,51,24,103,116,110,35,33,21,27,18,23,54,63,24,19,21,54,48,110,145,237,61,88,54,61,20,39,65,74,24,29,29,72,29,101,126,325,88,57,74,83,45,75,188,360,138,83,100,324,165,382,705,630,259,143,410,116,68,88,366,270,92,63,102,78,72,111,492,109,89,37,99,26,22,19,117,79,58,21,100,54,66,71,399,151,92,52,103,38,24,25,79,46,29,20,37,31,31,34,154,90,97,28,85,24,23,24,112,120,84,48,126,83,124,131,644,276,278,88,329,81,79,81,282,85,56,19,79,48,63,77,362,57,76,17,113,21,49,41,169,71,62,35,131,59,147,111,628,415,394,105,715,121,104,72,328,113,87,36,144,99,141,144,588,425,351,93,364,121,167,138,680,635,366,134,602,339,622,600,30364
anchor (2).jpg,5312,876,938,408,864,258,394,342,848,210,222,142,380,156,444,397,917,346,246,131,254,118,131,126,365,145,149,133,359,140,397,340,932,257,337,162,269,91,139,112,235,82,116,70,149,66,170,139,421,137,136,80,160,63,116,140,471,136,162,121,414,153,450,394,894,230,232,135,328,106,140,122,238,66,74,76,136,91,132,168,263,124,88,84,134,106,61,114,157,95,97,113,147,123,144,234,441,139,157,144,148,69,85,108,161,90,85,116,138,92,162,240,378,148,117,129,117,98,108,263,429,151,154,230,366,240,427,935,773,393,248,447,219,158,145,435,249,130,96,169,131,144,148,439,202,133,82,131,69,92,79,123,146,76,64,144,101,110,143,424,247,195,113,198,72,76,69,141,100,61,77,107,41,97,107,317,183,156,83,117,92,104,107,221,165,158,125,308,152,259,309,1076,415,357,150,414,135,147,120,356,146,102,65,162,76,120,133,415,171,162,88,167,86,108,113,237,138,148,124,256,137,298,245,970,445,424,184,509,146,164,152,397,172,148,117,316,168,258,321,1109,428,341,147,416,152,236,246,945,503,427,308,1088,422,1017,1148,10124
anchor (3).jpg,1299,209,283,139,157,39,144,123,268,34,52,34,125,34,281,190,174,44,52,42,42,15,37,30,145,30,42,30,149,38,224,179,312,57,95,33,56,15,20,19,62,10,17,14,41,10,57,26,146,35,30,24,20,9,25,36,253,64,51,45,209,51,256,154,187,53,53,34,46,21,36,29,50,11,6,17,26,13,58,56,41,14,18,21,13,3,13,18,36,7,17,13,26,22,61,77,152,29,33,28,33,12,15,38,40,5,9,9,31,12,45,53,103,25,20,28,28,23,24,51,181,51,32,54,150,54,184,258,226,147,62,272,45,24,28,207,47,29,16,44,39,26,39,246,37,32,15,59,7,14,15,44,30,26,13,38,22,30,30,152,59,48,26,54,15,11,6,44,18,8,4,17,8,17,15,73,42,49,12,42,7,16,16,48,40,49,13,61,40,49,58,292,132,164,43,212,24,52,44,115,22,21,11,42,24,31,36,163,38,36,12,58,12,26,12,63,26,21,11,45,28,48,55,299,287,217,51,510,56,62,44,153,41,34,17,67,37,56,63,326,196,134,41,155,54,86,49,232,337,137,74,297,153,298,304,36446
anchor (4).jpg,4827,514,1015,284,585,140,310,404,782,97,170,90,274,91,487,506,606,149,145,83,136,58,82,97,302,95,86,70,491,120,658,376,1041,148,1241,97,138,41,92,80,181,38,76,23,77,48,116,92,342,97,99,40,78,40,61,79,523,134,128,128,650,151,855,460,534,151,149,75,156,54,71,104,115,36,37,32,78,35,133,127,161,59,59,30,75,39,28,88,82,30,40,38,85,67,196,220,304,91,95,107,83,31,39,71,99,33,36,32,85,36,92,139,445,105,69,77,109,59,60,327,538,131,112,147,415,203,447,886,740,291,153,453,121,97,82,467,721,83,81,111,88,69,116,672,115,63,54,146,41,33,31,134,75,57,39,89,67,81,115,441,157,111,60,158,41,27,31,101,75,39,25,50,35,35,51,223,87,71,33,92,34,41,42,138,104,86,62,188,111,172,209,854,284,482,108,639,69,131,82,379,80,59,29,99,50,97,91,444,90,100,37,175,38,73,39,224,84,95,37,190,90,358,182,1075,521,658,146,1680,153,167,87,407,117,103,75,202,92,170,170,879,511,396,101,433,130,217,152,951,697,431,248,910,412,1151,842,11301
anchor (5).jpg,4935,950,1140,314,970,306,331,251,934,260,271,120,334,141,246,159,945,287,348,136,249,141,132,126,319,128,170,108,276,116,230,169,1050,331,489,160,391,150,152,122,271,93,136,84,168,122,147,97,332,149,155,100,119,92,126,111,231,112,146,109,188,148,287,248,954,306,335,146,306,119,127,139,240,86,124,79,110,86,112,121,332,150,149,91,128,122,83,119,144,74,116,96,152,136,131,214,300,131,160,117,161,80,81,82,102,78,70,85,93,83,110,168,258,127,117,103,109,141,116,271,186,110,115,177,155,196,211,522,877,322,281,245,233,138,103,171,462,126,131,115,131,130,120,260,260,137,106,105,88,84,67,115,125,92,68,90,121,105,103,223,299,179,151,156,102,109,71,103,113,76,51,103,93,126,93,194,113,88,62,101,63,87,77,179,114,91,89,192,94,237,166,566,324,277,187,192,108,120,95,182,149,111,78,112,79,136,96,240,156,143,117,155,94,132,108,190,131,136,121,242,127,284,210,620,233,213,157,528,106,132,97,262,115,124,81,171,108,211,176,581,155,169,108,245,121,234,166,489,468,221,207,541,197,666,533,25061
anchor (6).jpg,4301,751,953,662,683,168,615,570,1045,176,287,184,608,126,901,658,703,165,159,151,126,48,116,145,686,162,195,179,479,128,509,543,979,152,231,153,171,51,130,91,279,45,64,25,149,26,160,129,657,174,138,87,117,50,80,97,831,213,158,136,570,189,467,510,645,144,173,123,158,55,151,135,154,33,48,37,161,47,239,202,164,46,39,52,57,26,50,102,130,44,39,54,140,85,205,298,632,118,133,111,157,56,105,116,149,31,27,25,161,65,181,194,535,116,101,121,167,83,135,214,594,183,105,199,496,292,523,1033,1079,722,280,919,148,115,157,558,290,143,67,216,111,112,164,555,175,161,41,184,38,41,42,201,149,122,35,151,93,94,119,493,280,168,65,173,44,46,42,111,90,43,28,53,32,41,50,199,187,162,34,165,29,47,48,169,190,143,51,176,118,186,191,989,653,515,131,541,155,145,171,515,137,69,47,113,79,108,176,508,127,128,48,144,41,85,62,303,120,90,57,173,98,164,190,1014,910,621,162,630,202,184,156,565,170,134,44,184,140,199,175,979,689,502,129,548,207,289,202,987,630,525,177,945,480,1050,973,10395
anchor (7).jpg,1800,202,346,191,206,54,162,302,407,41,69,43,150,38,352,378,191,49,46,37,51,11,37,43,166,33,37,29,266,38,330,255,351,29,620,49,50,12,41,26,71,14,15,7,40,4,77,70,161,29,34,17,25,12,38,38,308,60,61,38,344,84,656,288,199,38,51,46,42,15,32,45,51,58,15,7,22,16,66,74,45,9,6,9,11,8,13,19,45,10,12,14,40,110,66,101,179,37,50,119,28,11,25,27,37,8,6,14,31,8,34,64,261,52,32,39,45,23,34,89,383,71,60,52,216,90,258,408,395,163,73,381,40,36,49,419,211,57,17,72,51,30,73,537,57,34,14,64,103,12,7,72,41,20,8,51,30,34,50,284,79,47,115,70,12,12,13,54,24,6,6,26,8,6,19,108,36,21,12,38,11,8,12,71,62,51,19,79,49,57,104,381,156,354,42,338,30,45,31,261,42,35,5,64,22,26,44,297,35,55,5,67,16,71,14,98,37,29,5,50,28,109,70,390,364,369,77,1472,62,71,44,285,54,55,15,94,48,71,72,377,370,270,59,275,68,94,56,425,690,256,103,382,282,407,413,49733
anchor (8).jpg,4772,712,1129,616,668,148,559,477,844,117,235,128,572,118,925,610,735,150,176,130,160,32,114,117,582,108,142,134,818,172,950,618,1128,152,402,139,171,38,161,93,255,54,94,33,148,32,195,144,548,125,138,76,125,31,128,95,858,187,210,130,930,204,950,610,719,166,158,137,153,55,108,110,124,44,45,32,115,35,198,171,156,52,50,40,44,17,45,68,106,36,39,49,167,80,209,268,577,126,145,137,129,22,71,92,95,36,39,45,124,44,107,151,455,121,103,121,129,72,104,163,506,170,134,154,615,264,568,966,829,574,262,901,141,85,101,586,215,104,54,131,82,105,158,577,134,109,52,159,29,37,31,149,116,67,34,122,89,121,157,555,249,169,68,206,40,38,34,119,63,27,17,50,30,39,56,148,134,116,34,140,32,51,53,149,133,115,61,198,138,199,213,917,574,861,171,997,110,152,109,564,102,89,25,166,71,108,129,595,120,153,38,218,42,71,43,281,96,108,43,209,122,276,199,1202,942,986,216,1025,153,211,151,636,160,143,57,246,98,216,195,1006,528,666,122,605,169,314,161,965,601,595,183,999,607,1159,957,10249
anchor (9).jpg,3566,529,657,234,485,166,242,222,670,125,145,115,216,63,257,288,493,104,146,74,124,57,74,83,208,63,93,47,232,78,301,233,625,144,258,70,134,64,62,66,137,36,44,32,93,56,71,91,193,76,74,32,72,37,85,66,273,96,83,74,232,114,394,309,558,150,143,81,117,41,67,78,123,55,35,50,54,24,96,111,149,62,52,29,48,29,22,53,74,27,43,37,76,45,125,162,237,87,77,69,68,24,31,76,103,41,24,39,49,39,70,135,270,78,90,70,83,56,70,279,277,97,84,121,188,148,278,707,649,261,137,302,132,62,81,278,329,92,62,111,91,74,99,404,121,70,34,93,40,37,40,99,92,40,28,73,52,59,73,286,146,91,62,91,42,59,29,91,49,26,16,42,23,57,59,191,113,73,27,68,44,39,47,139,96,73,64,153,85,148,169,656,265,241,91,269,48,59,57,202,90,67,29,85,37,67,75,270,92,80,57,126,27,37,34,132,65,72,54,134,71,194,127,689,350,353,122,619,86,128,70,310,111,97,57,156,67,147,173,648,285,261,94,303,112,172,119,632,605,319,169,662,301,641,674,36581
cat1.jpg,2935,663,626,180,662,232,167,119,431,140,152,75,193,93,107,74,629,216,206,66,221,116,106,52,171,74,97,36,183,85,120,60,644,223,346,98,252,110,104,49,167,75,116,44,101,78,83,53,164,87,100,50,99,71,69,41,114,57,80,58,93,84,192,102,651,247,224,90,193,100,78,51,166,94,92,54,88,57,51,52,226,119,105,79,121,81,64,57,89,61,79,53,89,85,74,77,164,94,98,67,98,71,44,43,68,54,41,44,41,56,51,74,115,61,56,50,57,68,45,70,71,54,50,62,62,93,96,164,444,169,154,102,154,79,79,82,168,59,69,53,57,46,72,74,155,81,78,62,83,56,64,58,59,45,36,53,54,70,46,109,162,95,119,85,86,80,52,52,72,49,42,48,47,54,48,85,84,56,53,62,61,60,39,58,54,47,49,115,43,111,96,244,193,171,95,99,92,66,40,64,63,53,44,56,49,66,41,93,96,100,77,84,71,100,57,85,52,66,64,95,66,198,111,301,105,88,88,236,60,76,46,117,59,68,50,103,49,91,100,230,70,71,47,104,56,85,85,168,202,96,74,254,78,314,249,19200
cat2.jpg,3100,431,618,334,399,109,330,394,522,83,134,90,273,70,589,524,374,95,84,67,82,40,67,85,331,51,69,76,393,94,470,345,612,85,255,75,86,27,53,56,128,23,34,19,80,13,116,86,326,60,58,51,84,20,61,60,552,98,101,79,515,125,493,402,411,94,104,92,99,30,73,76,68,14,28,10,72,19,109,142,87,32,24,26,32,24,12,43,70,19,23,25,86,38,142,166,293,73,60,56,45,20,53,63,84,17,15,17,96,23,67,95,402,98,55,72,82,41,44,122,486,111,82,105,349,173,366,652,522,331,141,575,80,61,74,514,214,60,33,110,59,49,107,507,82,67,18,122,18,19,7,121,58,39,17,77,51,58,75,374,138,82,45,97,26,15,9,98,44,19,15,33,28,21,42,137,60,73,17,69,16,24,20,109,93,69,29,111,78,121,137,607,323,409,75,521,65,96,81,350,70,56,16,74,34,53,68,355,66,87,19,120,18,55,21,159,59,75,18,109,73,130,125,727,562,565,120,547,121,118,84,387,101,85,33,132,80,103,124,626,535,366,91,425,112,167,113,659,525,386,134,585,397,721,620,6909
cat3.jpg,2776,459,556,365,440,115,335,432,551,88,144,100,342,88,533,414,449,135,116,71,99,34,78,97,348,86,102,98,316,89,445,368,508,125,144,68,95,45,70,53,163,22,44,16,94,32,110,81,324,84,78,54,76,33,50,73,521,116,115,92,432,119,418,348,468,119,97,84,125,44,92,84,89,24,21,19,89,38,124,101,126,44,21,21,47,25,30,60,75,25,28,29,81,47,117,158,368,75,80,76,93,31,48,53,80,24,29,25,90,30,76,110,390,101,61,65,88,57,62,171,417,85,84,112,375,158,354,581,584,360,175,499,110,75,81,460,249,86,59,120,89,65,119,514,118,86,41,109,19,27,24,112,79,48,24,85,34,58,82,332,170,104,55,126,38,32,22,84,60,26,15,35,20,29,43,131,109,91,22,79,23,19,32,104,124,93,29,135,73,124,132,620,345,335,103,398,65,96,105,367,77,74,26,82,63,72,80,297,86,104,27,111,33,65,31,171,61,64,36,122,64,152,122,680,568,440,120,440,111,112,93,343,113,78,37,151,61,122,137,628,455,380,104,325,112,173,115,640,605,321,142,573,323,631,632,6750
cat4.jpg,2952,479,809,358,509,105,350,255,558,115,174,93,337,81,464,290,475,112,146,91,108,57,81,81,382,95,119,94,436,107,475,324,764,149,305,123,157,35,105,73,174,31,65,33,128,33,134,77,329,101,111,74,84,45,67,81,432,83,130,104,411,127,439,365,483,136,140,88,124,49,96,92,96,21,39,26,99,34,112,94,120,34,32,39,43,30,23,56,102,32,26,37,104,59,122,172,345,85,124,84,84,41,71,55,74,34,29,40,89,30,107,99,245,80,66,82,84,54,72,144,285,87,83,112,331,187,295,622,561,344,168,450,103,80,90,307,111,87,64,113,75,73,107,311,111,75,33,118,23,26,21,99,88,63,18,95,59,89,102,321,186,131,76,146,37,37,25,71,58,29,14,39,32,38,43,129,97,92,39,90,33,34,28,104,104,85,38,131,86,147,145,562,380,400,115,442,93,92,103,355,83,65,37,100,66,85,99,327,76,128,35,128,28,68,43,161,61,87,30,122,83,212,140,821,410,448,142,492,96,123,96,299,99,72,34,131,111,134,134,624,298,309,72,315,86,142,116,596,328,312,134,596,318,766,590,6085
cat5.jpg,2833,435,708,378,458,90,385,237,480,68,157,83,377,56,514,316,454,115,121,85,124,38,84,77,342,81,109,70,556,96,606,390,686,117,231,95,128,37,102,43,177,22,53,36,120,28,138,65,378,79,100,44,88,17,75,57,564,113,125,85,642,143,607,366,432,130,133,77,111,41,85,60,78,8,30,21,91,27,96,105,84,30,26,27,37,18,30,32,55,23,28,26,119,60,144,182,342,74,97,68,83,19,44,64,80,25,20,12,79,21,90,92,302,81,58,59,53,36,67,86,363,88,67,97,404,179,385,568,473,384,179,583,60,53,70,317,83,35,37,86,46,63,89,302,63,92,22,105,19,29,19,104,41,57,21,81,43,90,74,352,151,114,54,140,25,23,31,75,26,29,14,34,21,20,39,113,68,92,15,99,22,42,15,100,84,90,40,102,88,157,143,597,393,550,103,682,90,114,101,410,48,59,28,88,35,78,82,378,65,104,17,144,18,64,33,177,55,71,20,130,74,172,112,773,588,642,144,699,115,147,95,363,100,80,30,188,90,120,118,581,348,380,81,381,107,153,81,544,405,361,113,612,369,756,533,5965
cat6.jpg,31524,4814,6414,3842,4595,1016,3776,3791,5353,785,1639,877,3522,760,6419,4845,4691,1250,1078,920,1024,334,701,883,3652,813,1120,1029,3911,958,5491,4283,6618,1098,1789,678,998,253,729,519,1529,257,396,198,1003,215,1063,982,3742,875,762,485,720,259,534,542,6399,1395,1165,932,5209,1364,4468,3911,4602,904,1054,672,1103,342,850,903,920,214,281,191,840,254,1470,1281,1006,350,237,279,354,225,253,445,707,251,238,280,995,485,1380,1908,3728,730,704,570,809,250,438,539,846,182,179,167,920,271,898,1117,3820,954,557,591,871,466,573,1000,5359,1279,919,1131,4250,1910,3833,6565,5339,3611,1605,6457,840,732,912,5445,1150,488,362,980,576,574,1109,4554,857,896,260,1450,186,248,210,1317,590,437,194,839,451,594,903,4061,1646,1145,388,1205,256,266,185,909,304,188,127,340,201,221,323,1513,893,1030,200,933,184,300,183,1164,1044,877,363,1402,892,1277,1501,6782,3585,4092,996,5223,888,1020,960,4553,622,496,182,865,523,670,916,4227,741,1008,243,1355,250,508,256,1890,579,605,203,1250,632,1301,1224,7674,6490,5591,1129,4831,1465,1460,908,3920,1115,867,299,1459,967,1266,1407,6929,4911,4436,866,3833,1221,1969,1117,6706,4701,3996,1532,6911,4117,7627,6773,80198
city.jpg,3070,482,678,313,429,104,280,295,599,83,177,86,297,85,387,323,498,129,131,79,135,37,86,86,300,72,123,80,356,110,424,249,700,122,271,117,161,39,104,60,174,35,54,30,113,30,120,71,297,64,107,68,72,42,79,80,413,90,136,84,390,116,378,313,487,134,128,67,136,48,91,97,96,38,34,32,64,29,96,86,137,47,25,32,46,39,37,57,67,27,35,31,81,59,132,176,301,73,116,76,70,29,67,79,84,29,26,32,81,33,78,100,349,97,65,95,76,60,64,179,333,94,78,108,255,174,272,627,583,334,156,370,94,75,75,302,305,81,49,97,70,72,102,388,93,83,30,78,28,22,17,94,103,51,23,70,57,85,79,315,165,138,79,124,39,44,29,94,49,25,27,36,26,42,35,124,89,78,32,103,32,37,33,123,119,75,54,172,91,150,138,605,279,356,129,399,73,83,69,250,82,74,25,79,55,78,99,256,66,113,49,130,32,65,38,193,84,80,33,124,89,166,143,753,393,379,123,433,105,124,94,304,86,80,46,141,81,137,151,629,336,235,73,289,112,180,106,700,435,294,162,559,286,750,650,7437
flower (1).jpg,17941,2866,3627,2574,2935,668,2661,3436,4019,668,1046,697,2745,532,4446,4127,2939,707,538,533,609,202,515,647,2641,522,553,581,2575,588,3026,3142,3621,550,889,401,533,131,401,383,1061,164,233,154,537,143,663,577,2626,531,426,299,462,160,389,427,4277,844,639,536,3021,694,2875,2656,2850,650,511,518,698,195,486,680,651,154,171,136,541,158,840,810,645,206,152,162,185,115,176,356,547,136,135,164,519,299,676,1186,2615,474,421,374,516,180,351,432,610,131,149,142,557,171,613,754,3390,676,394,439,660,367,443,934,4002,774,571,745,3052,1190,2569,4680,4003,2748,1064,4221,638,520,659,4160,1172,528,334,788,549,440,810,3810,637,547,184,795,130,143,139,808,559,349,145,618,350,423,539,2659,1035,569,227,657,134,125,135,603,321,149,97,240,144,150,189,923,720,644,136,589,153,193,121,738,857,536,211,822,539,689,765,4161,2656,2544,530,3007,550,570,619,2963,550,347,137,515,350,386,561,2609,554,530,126,761,158,255,185,1179,443,384,132,644,389,651,685,4203,4376,3219,642,2910,852,807,594,2514,806,550,220,828,568,659,877,4083,4323,3066,613,2636,808,1149,753,4639,3855,2655,944,4090,2656,4168,4023,40710
flower (10).jpg,18309,2822,3544,2432,2837,660,2440,3338,3965,588,921,593,2340,518,3855,3915,2845,621,553,436,627,213,478,660,2407,461,509,513,2428,576,2901,2541,3405,538,842,399,550,168,404,370,965,186,244,129,564,137,609,636,2446,500,410,242,454,166,361,423,3970,790,603,543,3119,801,2854,2377,2865,590,574,486,616,180,423,656,598,148,157,156,473,173,819,800,710,200,150,156,213,142,184,400,538,141,158,195,546,311,726,1154,2381,452,375,354,471,185,314,458,584,123,143,123,500,185,508,745,3115,594,408,435,650,404,468,920,3990,789,613,762,2663,1116,2451,4212,3870,2442,1010,4301,588,552,592,4046,1241,470,321,727,437,427,744,3866,592,460,141,815,145,160,128,814,478,290,144,516,323,387,527,2401,946,508,238,690,167,152,132,577,330,144,91,242,128,165,233,985,543,507,125,527,134,186,144,774,716,490,239,782,545,705,837,4156,2457,2483,529,3155,454,541,550,2842,496,326,129,526,285,360,492,2660,498,538,154,752,152,308,162,1204,446,408,160,715,358,715,720,4190,3913,3006,649,3041,740,761,503,2503,764,495,227,837,530,686,793,4119,3793,2586,591,2344,783,1130,698,4365,3708,2470,968,4110,2503,4238,4091,41017
flower (3).jpg,16030,2442,3082,2012,2408,611,1862,2379,2857,435,754,424,1925,366,3447,2952,2384,501,452,350,538,178,379,460,1997,337,439,381,2307,455,2738,2093,2924,402,746,342,489,158,301,249,765,138,217,92,418,122,577,454,1940,358,344,223,372,117,288,328,3361,657,555,408,2685,671,2577,2119,2491,560,442,389,503,216,351,466,414,112,139,91,358,111,673,668,635,176,135,115,195,115,121,222,370,124,119,134,482,237,704,899,2034,381,322,284,359,124,204,305,420,101,88,104,357,127,394,569,2353,458,266,310,454,252,295,598,2850,648,528,531,2084,975,2097,3522,2882,1896,845,3386,435,410,415,2797,804,309,190,538,269,303,518,2709,410,334,136,649,92,134,98,687,305,185,85,395,267,283,450,2096,786,390,196,547,114,94,98,455,231,102,75,174,94,105,185,831,425,389,111,389,90,106,77,547,574,403,167,655,485,620,748,3568,1921,2268,402,2709,346,507,387,2185,309,235,99,427,192,301,393,2122,375,447,119,692,124,220,109,907,339,306,101,626,307,591,657,3680,3348,2704,537,2687,642,707,398,1947,613,447,176,762,367,595,644,3550,2854,2130,472,2082,642,899,571,3583,2855,2131,807,3540,2133,3546,3636,39416
flower (5).jpg,21318,3177,3745,2490,3092,779,2341,3067,3384,526,967,477,2446,457,4376,3842,3144,649,650,479,732,231,486,605,2334,459,586,465,3278,635,4372,3214,3854,661,1155,414,642,210,422,354,953,205,299,140,552,149,782,696,2381,430,444,285,500,157,397,375,4572,826,766,505,4409,1021,4242,2880,3135,779,652,539,688,255,430,581,557,144,176,134,425,184,805,870,768,266,199,153,229,147,177,316,493,164,147,165,612,325,927,1228,2384,522,450,427,422,172,260,366,494,146,139,124,494,146,535,691,2926,609,388,371,577,315,355,703,3818,884,609,709,3191,1237,2923,4616,3495,2426,937,4489,505,509,483,3740,1089,339,219,723,329,372,731,3800,521,432,177,773,153,150,115,818,363,223,128,538,354,407,656,2964,1009,558,246,817,182,153,125,645,219,132,75,248,138,146,257,1157,486,489,107,495,118,147,112,682,750,514,253,890,635,805,1118,4695,2368,3452,559,4512,445,655,486,3213,385,353,135,674,246,359,486,2873,523,667,150,971,165,303,173,1205,373,382,133,788,401,766,795,4854,4626,4396,784,4377,838,930,522,2920,705,636,241,1165,513,838,862,4808,3949,3148,650,2932,866,1211,747,4525,3787,2773,1099,4778,2868,4824,4721,54596
flower (7).jpg,18710,2764,3390,2527,2815,695,2674,3602,3515,444,956,509,2408,591,4431,4218,2848,537,462,399,631,197,463,644,2461,409,526,400,3020,620,3540,3022,3305,476,925,345,477,136,315,383,918,142,234,118,536,120,655,654,2480,419,349,215,483,158,374,397,4301,747,692,435,3437,768,3465,2747,2791,636,487,491,534,188,401,626,470,109,136,95,369,133,742,789,752,194,135,137,186,124,137,331,487,142,113,142,577,305,796,1112,2608,487,342,422,416,141,234,391,511,115,133,100,406,137,425,659,3476,599,406,365,607,272,394,681,3944,776,666,665,2913,1159,2599,4135,3521,2388,955,4331,487,477,489,3991,1064,378,270,699,371,424,720,4068,440,382,136,713,140,146,108,853,381,217,142,507,338,398,511,2599,948,493,226,642,148,105,104,592,234,126,63,215,98,104,201,966,518,425,113,453,112,131,82,643,706,450,217,663,590,685,844,4168,2444,3013,532,3528,372,598,386,2984,372,337,115,579,223,346,456,2646,487,616,114,813,131,281,134,1057,429,367,113,675,360,621,645,4231,4554,3511,651,3435,714,825,417,2661,728,578,205,926,447,636,704,4057,4270,3064,633,2772,852,1135,694,4170,4041,2729,996,4147,2651,4283,4168,39647
flower (9).jpg,19932,2822,3456,2508,2762,671,2439,3261,3622,493,956,574,2327,475,4562,4317,2738,568,454,439,559,176,467,620,2355,440,516,487,2575,557,3333,3438,3382,459,698,323,488,118,363,339,979,160,207,118,489,124,687,577,2414,415,331,250,449,141,365,358,4377,835,684,472,3486,771,3091,2797,2881,597,469,418,574,132,449,612,466,110,140,121,412,149,867,865,678,157,138,138,155,88,129,266,510,123,126,128,559,262,827,1092,2547,440,362,407,425,141,250,414,551,99,122,107,496,122,523,630,3278,598,387,409,586,273,379,772,4221,827,598,657,3161,1121,2641,4173,3463,2303,945,4284,466,505,499,4097,750,348,233,736,348,415,738,4018,559,427,144,793,95,120,90,873,379,279,131,516,303,353,534,2934,939,553,239,661,130,110,114,561,248,111,90,183,109,83,186,913,536,494,123,485,97,118,100,670,637,519,200,661,549,618,778,3922,2382,2532,492,3491,446,558,465,3255,366,313,132,563,213,360,489,2845,500,604,114,803,138,253,122,1061,445,377,109,658,366,643,636,4184,4581,3383,691,3202,848,833,529,2624,674,544,195,759,494,610,753,3883,4164,3330,600,2809,868,1129,643,4202,4040,2922,896,4086,2838,4253,4002,37284
gorilla.jpg,2526,477,572,363,477,133,375,378,531,109,176,100,353,79,516,449,461,133,113,70,124,39,76,88,369,103,79,71,402,87,403,363,582,94,139,78,99,40,73,58,185,25,46,28,97,31,112,74,362,84,62,51,64,27,73,61,572,115,111,71,467,116,393,349,512,110,108,70,135,35,92,93,100,35,32,25,92,35,136,90,127,49,39,38,36,26,34,52,84,40,39,32,65,62,115,159,372,89,83,57,91,33,59,69,99,32,32,29,111,30,88,118,387,84,63,66,96,66,66,123,432,101,99,88,419,167,346,585,526,360,179,554,95,82,97,443,154,64,32,100,66,54,97,422,111,99,37,117,20,34,21,115,85,51,25,87,33,40,83,344,162,90,42,89,33,42,26,76,54,35,14,51,34,32,45,152,107,89,24,92,23,48,24,121,110,83,27,170,86,130,141,649,383,394,99,466,75,83,86,384,74,51,38,73,48,59,76,342,98,94,17,115,32,46,49,160,74,64,28,114,68,140,110,615,569,458,111,446,116,113,100,325,107,87,58,141,72,108,126,666,434,353,86,312,114,162,110,569,439,358,149,626,326,607,617,6865
image_0001.jpg,3524,591,792,496,556,150,486,426,718,100,202,104,407,101,714,529,555,162,96,115,102,46,89,106,458,103,122,129,458,117,600,530,793,119,197,80,116,40,99,68,193,36,54,29,104,32,135,98,472,103,87,50,90,21,65,70,625,164,136,108,512,129,547,410,555,139,103,88,120,38,98,120,84,30,38,26,87,33,163,149,129,40,45,36,51,30,35,55,79,26,33,46,109,64,158,225,482,98,77,86,99,39,56,80,99,30,19,31,98,35,91,134,456,108,93,63,96,51,80,150,516,138,96,134,434,182,404,770,701,458,200,695,98,98,90,508,156,71,54,103,81,70,104,518,122,101,32,146,34,28,15,144,84,75,25,100,74,99,98,437,199,112,46,132,35,29,36,106,49,27,20,46,26,33,43,177,100,111,30,110,28,48,30,129,111,105,34,152,94,158,166,783,422,468,109,567,82,112,98,470,100,57,29,102,67,76,96,471,93,109,33,140,34,56,28,190,98,62,23,143,68,152,154,884,781,545,131,553,144,160,100,426,111,98,52,177,105,153,166,795,573,495,115,432,135,231,137,760,563,453,165,775,433,778,781,7837
image_0003.jpg,4735,787,994,458,776,221,504,407,880,193,266,144,516,126,617,492,795,189,216,142,191,66,134,139,463,134,173,139,432,138,534,493,964,225,272,168,204,64,130,123,249,78,98,54,135,55,171,143,490,160,146,96,138,57,129,121,650,151,181,157,471,159,511,505,738,193,207,105,227,74,143,130,167,51,65,39,148,49,172,159,185,66,58,60,74,36,48,73,118,44,60,73,146,74,162,268,533,134,132,121,127,54,103,131,153,39,46,55,147,67,143,209,401,109,115,117,133,90,122,201,459,134,111,168,455,226,523,927,861,503,244,646,195,126,145,507,267,142,69,151,141,136,147,557,181,138,64,161,59,46,45,134,121,105,59,129,111,130,160,484,254,189,90,155,57,50,57,140,67,53,28,83,54,84,65,211,152,148,62,177,41,54,55,183,180,158,85,259,128,202,188,984,523,425,158,520,147,126,158,491,140,92,54,128,95,129,120,515,134,126,55,172,56,77,56,220,138,154,66,216,127,244,216,1014,690,604,171,678,163,174,144,481,148,127,68,192,145,209,238,1001,538,515,128,502,156,253,201,1014,655,537,231,980,481,996,972,15513
image_0004.jpg,3783,442,799,259,440,86,249,390,599,97,132,66,223,70,507,651,497,117,132,60,105,22,72,80,250,80,92,76,569,90,844,487,782,139,1033,69,109,34,77,57,139,24,75,20,110,20,117,80,250,51,98,35,87,18,72,63,481,104,150,84,819,143,1470,422,432,121,116,58,91,37,51,75,104,26,32,24,56,24,122,134,105,26,26,20,28,10,23,47,64,17,25,25,80,48,157,158,206,75,91,64,60,24,45,56,68,16,19,30,59,33,107,106,420,83,68,57,74,34,54,240,605,139,89,125,431,162,448,768,587,260,112,497,101,60,89,643,996,69,43,104,75,49,97,1854,107,58,32,108,26,23,17,111,86,45,34,99,37,82,103,482,166,98,59,135,34,20,12,80,42,18,14,40,31,28,39,161,76,82,29,94,17,18,26,120,105,103,45,144,107,143,155,675,232,657,93,919,66,104,82,432,79,68,21,114,41,70,96,424,63,103,23,166,25,54,23,145,58,75,28,131,62,332,150,948,552,984,130,1698,123,192,100,443,114,95,44,178,91,136,144,662,613,474,77,464,137,193,107,779,1495,419,144,679,439,997,692,14403
image_0005.jpg,3394,739,695,214,773,265,246,131,614,204,208,115,214,97,119,126,803,270,217,121,240,119,102,88,216,101,111,69,178,97,130,98,697,234,242,97,287,98,124,82,213,79,109,58,159,89,95,80,251,114,114,61,114,85,68,80,159,76,105,89,194,94,151,157,787,228,285,119,251,124,117,70,215,84,93,70,118,68,79,86,214,117,130,66,101,87,86,83,134,84,98,90,97,104,81,130,213,126,123,75,103,67,73,78,97,64,74,58,91,70,87,122,132,70,85,77,77,76,68,133,104,77,104,107,111,150,181,352,587,248,221,166,211,126,102,110,181,93,99,80,87,62,91,99,184,100,89,80,84,77,70,91,97,76,54,65,69,88,90,121,185,97,93,95,87,95,65,95,62,69,46,72,77,84,57,160,102,79,62,81,56,73,60,130,97,93,85,175,94,162,144,447,228,174,139,188,113,91,88,123,94,83,65,95,84,78,91,152,93,80,92,132,76,86,66,136,77,81,83,164,86,160,136,410,153,102,98,399,80,88,108,158,87,81,67,167,81,151,187,423,131,108,84,151,64,156,120,339,242,135,143,402,158,416,456,27054
image_0006.jpg,3456,486,632,308,516,124,313,280,670,157,194,83,324,83,435,389,545,146,140,69,119,39,80,85,354,97,96,85,277,80,376,381,630,124,198,91,140,42,78,66,186,45,46,44,94,28,109,91,336,84,71,61,98,23,69,67,434,110,104,100,403,116,488,391,552,116,117,72,141,45,80,76,155,38,28,37,90,32,112,97,139,41,33,31,30,33,32,63,97,23,30,49,92,53,124,181,308,76,76,80,67,33,57,65,120,52,32,29,102,48,112,146,366,95,72,72,96,52,90,132,442,133,113,139,379,173,406,689,653,333,173,414,132,86,92,382,252,97,36,99,99,68,126,462,150,74,42,117,50,22,19,121,88,64,17,66,81,78,84,387,145,72,53,104,32,31,36,81,45,24,21,53,39,35,51,182,103,83,29,104,54,32,39,128,136,104,39,149,93,128,140,598,252,220,97,373,86,76,88,343,80,73,25,81,47,72,84,375,85,72,35,126,27,49,47,169,90,63,33,127,61,125,116,641,432,343,95,537,108,88,97,375,110,90,53,148,99,119,156,584,410,341,97,352,119,179,140,621,691,347,180,609,436,625,680,31297
image_0007.jpg,4101,831,790,584,825,346,545,922,1141,253,317,228,541,220,661,871,900,193,140,148,183,89,124,236,592,117,106,106,319,106,364,408,809,145,198,103,141,83,115,185,325,75,79,54,92,56,117,174,582,128,124,84,132,66,86,165,689,168,102,115,345,119,359,456,861,189,158,115,211,95,127,267,254,87,72,71,109,74,144,205,350,93,68,74,90,66,65,195,198,50,49,71,98,90,135,259,532,121,89,105,120,68,81,159,240,56,51,66,105,57,97,234,950,240,186,148,229,180,152,374,877,168,165,224,466,285,471,1194,1172,570,319,743,268,268,215,852,601,226,209,315,232,202,318,1124,279,103,66,137,79,62,55,193,238,109,61,116,103,88,120,459,324,103,71,148,62,64,50,179,202,56,60,66,59,66,77,284,246,115,45,103,44,76,75,204,323,116,72,179,119,163,196,970,565,342,103,348,114,124,111,462,243,103,59,117,91,82,130,508,210,110,58,127,60,78,64,306,210,85,57,160,107,183,180,853,742,341,142,474,149,133,119,500,309,106,93,226,138,170,206,1020,866,457,181,502,197,311,223,1173,1152,519,280,962,452,876,914,14340
image_0008.jpg,3922,680,774,354,679,162,377,323,641,118,178,77,380,102,584,430,680,168,148,83,203,75,106,104,377,85,128,81,410,97,499,347,713,146,198,88,152,59,82,70,196,45,72,33,127,36,130,135,371,89,87,49,103,47,69,63,601,119,138,79,499,150,518,418,656,177,164,109,166,70,91,99,120,42,44,34,86,44,132,134,181,63,47,54,58,52,35,82,76,45,35,51,92,59,148,198,396,96,85,71,75,40,60,57,89,27,37,28,83,36,94,134,307,84,69,71,101,81,66,131,390,121,124,143,329,208,428,809,599,350,216,619,117,115,103,392,133,73,52,113,72,61,107,382,119,97,50,133,42,50,20,164,84,42,29,79,83,66,102,392,198,119,64,147,50,40,40,119,44,35,22,69,27,44,61,250,81,71,44,102,26,52,33,138,112,89,72,185,110,171,248,928,373,415,101,529,84,95,62,337,58,71,35,123,52,78,105,379,79,106,42,144,41,73,43,218,67,71,41,190,81,167,166,924,537,491,138,739,141,172,102,408,113,111,54,249,84,179,160,976,420,372,119,418,152,195,170,755,541,408,257,962,389,900,985,19038
image_0009.jpg,1508,255,377,266,237,54,234,258,400,70,110,64,247,40,378,310,230,54,46,48,59,14,46,70,272,51,58,54,260,56,281,226,382,62,85,49,49,14,53,35,111,9,18,7,60,15,63,41,276,49,34,31,36,10,36,51,418,84,65,47,331,59,275,227,266,49,57,35,65,20,59,62,62,8,14,9,57,8,71,81,58,18,11,16,12,8,19,28,48,7,5,14,54,29,67,122,246,44,56,47,56,12,45,59,45,13,11,12,70,14,56,60,262,56,41,47,63,28,55,109,308,59,51,66,287,105,232,403,378,283,104,457,49,42,62,309,147,61,32,60,46,54,59,299,55,44,16,82,11,11,6,63,59,31,4,46,35,29,52,218,100,54,21,80,9,14,11,54,20,13,7,16,15,15,15,66,57,58,9,54,8,13,8,74,63,41,16,69,53,65,58,335,231,268,66,354,53,58,68,307,54,39,15,58,32,34,55,236,44,40,12,59,15,26,12,105,50,46,14,59,40,83,53,408,401,298,63,310,71,43,48,270,76,56,21,69,53,60,59,337,289,251,54,242,62,118,57,362,279,194,85,367,223,401,343,3477
image_1 (14).jpg,5672,899,992,428,934,283,456,432,1174,260,304,207,506,169,426,421,911,233,205,150,255,92,138,190,456,143,150,129,261,113,289,317,992,234,236,132,225,70,162,128,286,101,95,71,143,62,147,156,458,170,109,108,131,71,121,178,396,153,128,159,260,149,299,441,870,224,201,127,233,92,172,174,253,89,89,66,156,72,166,208,249,90,69,67,113,74,75,147,151,68,72,87,126,108,134,274,462,139,140,129,167,85,125,171,189,76,58,80,172,85,147,275,438,187,132,184,173,126,159,380,387,169,139,245,299,272,436,1158,1177,485,317,463,262,128,223,464,483,191,152,197,193,155,217,583,283,159,82,156,81,74,69,209,205,122,89,153,128,114,130,424,320,142,109,130,75,57,79,155,165,87,54,87,65,69,84,265,197,159,61,137,77,91,72,286,238,185,93,268,139,211,226,1050,467,258,143,286,142,127,109,322,189,134,72,153,121,128,166,426,170,124,47,143,55,89,81,316,142,114,78,214,122,216,203,911,453,254,169,411,152,130,139,418,238,130,102,253,167,200,272,981,410,320,149,425,184,313,237,1122,551,432,257,951,383,915,1003,17764
piano (1).jpg,4516,830,643,328,981,248,315,201,670,156,220,144,306,98,432,328,913,472,157,169,445,285,100,110,321,137,119,165,244,125,358,340,649,170,157,77,204,69,79,63,215,89,74,86,151,58,124,122,309,143,73,65,126,81,81,86,425,153,115,147,298,146,334,317,1020,350,175,118,476,266,152,116,170,87,77,70,126,76,161,143,369,326,73,109,283,214,63,79,117,67,43,77,133,77,134,204,309,95,67,84,131,68,55,74,142,57,61,95,214,97,128,154,225,116,63,77,132,106,68,122,322,138,101,186,285,254,320,670,649,272,204,474,154,103,131,315,137,73,73,113,62,66,125,294,158,115,91,168,77,65,46,153,76,77,44,121,64,74,117,331,222,120,76,116,79,48,43,113,93,40,173,196,92,63,252,295,108,172,49,130,86,90,104,161,129,134,229,502,134,174,435,1221,309,229,157,312,129,87,201,305,81,59,109,99,56,64,173,381,98,119,56,173,65,96,79,238,68,71,61,189,64,121,170,695,457,357,132,445,159,158,148,322,130,97,272,400,162,163,543,992,277,372,96,326,152,234,162,665,463,334,348,1225,337,729,1072,19127
piano (10).jpg,3030,702,594,355,724,226,376,266,624,130,217,134,388,77,465,308,709,248,140,131,221,123,87,130,372,129,141,141,248,110,316,348,616,156,150,90,162,51,64,73,251,62,75,44,142,55,114,103,345,113,82,71,103,69,55,73,516,178,116,98,347,135,303,355,775,203,153,85,354,114,141,100,133,42,50,39,133,57,134,102,230,139,53,55,126,62,59,77,120,51,42,51,114,74,117,187,355,94,86,70,142,44,90,69,159,39,50,49,225,59,147,150,245,99,66,76,108,81,81,113,316,157,102,147,425,227,304,596,594,362,215,469,141,103,156,319,140,74,76,106,100,56,130,310,145,114,67,207,49,52,45,149,91,78,35,126,70,80,93,323,223,125,67,136,56,37,51,89,90,40,84,90,59,57,103,219,144,144,35,126,33,57,51,145,108,128,107,319,89,156,201,879,385,252,148,372,126,116,189,325,91,47,40,86,63,68,119,303,106,100,50,139,43,68,63,177,69,68,46,140,65,112,144,641,448,291,111,461,139,122,122,276,153,95,107,200,116,153,243,737,340,338,102,319,116,187,125,590,421,322,200,853,301,642,770,17496
piano (2).jpg,3983,686,604,338,761,227,378,282,594,124,158,97,323,102,493,346,685,267,119,93,266,129,72,80,305,124,113,119,255,125,333,331,602,131,134,74,137,70,65,57,233,72,53,40,135,54,124,100,363,128,68,47,88,45,52,50,583,247,123,120,384,192,334,348,775,211,138,84,425,166,127,104,155,55,40,45,146,45,179,124,240,125,53,43,197,123,45,42,92,57,42,46,106,66,126,195,329,80,70,50,126,34,62,80,146,37,55,39,240,49,124,162,265,125,65,82,99,55,71,120,354,162,89,131,378,261,367,648,617,322,227,605,144,88,144,352,115,71,61,100,61,49,89,340,118,131,66,218,42,48,36,183,68,44,47,115,56,66,91,400,161,97,42,107,45,36,52,103,52,37,106,130,39,42,149,239,93,122,43,113,40,44,49,148,106,134,138,367,87,163,257,1011,315,255,127,359,107,112,253,424,69,41,43,94,54,81,88,402,77,89,39,161,36,65,50,243,70,69,49,157,68,125,151,717,483,337,118,457,155,155,143,361,122,101,131,229,120,135,357,906,340,396,101,374,137,192,150,706,463,360,261,999,395,726,869,16828
piano (3).jpg,4393,908,710,428,1009,325,488,343,739,200,270,155,458,141,601,479,982,368,163,134,337,205,126,122,437,157,185,190,351,118,429,563,745,175,157,93,198,70,116,88,259,75,90,75,190,55,155,139,446,153,84,87,114,61,101,81,583,208,148,145,446,164,399,466,947,298,187,135,375,169,157,123,165,64,71,62,158,61,187,151,273,180,69,51,163,101,70,85,125,58,60,88,135,81,159,270,470,121,116,99,164,69,80,101,164,62,54,66,175,72,138,204,386,124,61,113,125,75,103,157,410,152,136,180,569,241,454,737,774,438,254,567,202,114,147,433,146,111,77,147,91,92,145,414,184,152,91,206,79,58,53,174,89,81,68,171,74,95,122,442,258,166,89,128,55,65,57,127,93,72,109,165,58,70,176,288,176,201,56,166,64,78,69,197,154,193,159,371,110,200,320,1112,488,323,180,465,145,114,188,508,106,79,55,113,79,84,125,428,118,134,58,193,53,78,79,235,92,81,61,201,78,125,205,823,691,448,147,579,198,164,161,425,132,129,136,314,146,211,400,1034,498,609,135,473,160,261,230,838,588,463,297,1124,425,855,1073,18933
piano (4).jpg,3232,568,564,289,563,176,334,292,617,120,146,90,361,77,456,381,613,228,118,116,165,126,55,109,291,97,91,115,255,82,354,349,560,130,132,76,127,43,83,57,150,38,42,39,113,27,91,75,322,121,73,65,73,51,54,78,476,133,92,105,323,122,336,322,573,178,110,86,186,95,78,77,147,42,50,37,118,32,137,125,166,98,37,57,126,37,35,74,92,30,33,36,91,53,109,190,354,93,69,76,97,38,47,65,143,25,29,50,105,33,90,140,330,94,56,83,98,57,61,129,439,132,70,149,348,168,322,614,606,302,178,432,135,88,146,482,156,62,42,101,114,73,129,362,110,79,38,139,45,40,29,123,54,59,27,108,41,54,60,325,155,92,40,99,40,28,32,70,68,25,81,72,42,45,95,201,109,109,32,119,38,38,57,151,96,94,90,249,80,131,170,786,360,255,117,378,111,88,94,339,118,46,37,89,103,65,116,314,76,89,46,120,38,47,40,165,64,54,47,141,59,115,130,590,493,355,108,438,144,115,84,311,127,53,100,143,110,145,253,656,354,342,77,329,122,169,110,651,477,320,194,665,312,626,676,14019
piano (5).jpg,2745,588,458,274,682,186,238,216,474,140,156,71,292,73,370,231,634,218,141,100,225,96,88,74,257,81,82,99,198,68,250,209,495,140,111,69,140,63,60,49,156,59,64,45,99,46,87,85,278,103,73,58,67,43,39,51,329,113,89,91,224,95,214,247,625,188,134,87,237,114,98,82,158,57,50,42,116,55,117,107,198,105,58,57,101,63,59,54,88,52,47,50,89,56,107,172,245,92,52,42,95,47,54,51,94,42,38,54,95,81,96,122,202,69,44,56,75,55,38,92,265,117,82,158,253,147,244,488,445,270,151,363,153,82,103,310,75,56,59,95,53,59,100,251,117,85,54,105,85,48,70,115,49,44,41,88,49,43,87,234,164,90,45,97,50,48,36,94,51,35,51,69,37,40,79,150,97,75,50,109,56,47,57,138,92,93,66,259,83,119,171,682,263,225,81,239,88,91,100,283,63,37,54,88,50,51,107,271,85,87,53,100,50,66,67,138,57,63,43,133,59,78,133,498,332,265,103,419,105,90,77,213,95,84,90,196,108,131,252,702,211,231,81,251,89,126,119,520,421,218,206,692,291,484,707,26717
piano (6).jpg,4055,945,654,406,1017,336,394,268,635,204,236,149,384,133,419,363,1001,421,191,130,405,254,122,143,367,153,151,154,267,133,333,344,713,202,139,99,200,91,86,64,245,89,96,62,205,59,131,130,373,143,72,62,135,57,85,92,475,177,125,127,340,140,308,360,1059,422,205,125,433,197,173,110,194,86,84,68,135,69,158,142,364,266,84,59,244,107,88,94,159,84,68,92,129,99,160,257,409,150,87,83,185,79,74,81,160,76,86,76,223,74,138,186,266,150,85,76,116,90,86,119,320,148,133,187,390,225,305,695,661,349,236,500,186,146,168,334,119,89,73,118,76,89,122,265,193,126,68,176,79,74,75,162,87,72,78,173,58,83,147,337,269,119,83,121,79,81,81,115,93,72,153,180,58,60,204,318,151,159,62,117,73,81,79,203,130,145,208,462,145,197,403,1080,425,270,183,352,134,145,185,357,85,80,56,108,76,72,145,302,140,137,60,168,67,101,89,245,81,76,84,170,83,145,188,687,467,283,161,481,176,154,115,269,143,130,194,394,137,181,414,1017,359,380,136,358,170,237,187,678,440,366,375,1163,312,733,1168,20005
piano (7).jpg,3103,869,489,280,948,367,204,163,561,203,174,107,205,124,128,107,922,354,171,114,386,209,100,89,197,94,98,73,123,84,88,144,510,152,119,69,225,79,76,85,235,97,64,61,124,83,74,99,276,120,85,62,128,86,82,72,246,123,84,91,122,107,101,112,948,352,215,137,453,218,122,120,276,119,107,121,137,90,81,92,384,171,101,82,277,129,80,106,156,85,76,114,120,96,65,133,241,99,65,85,126,87,54,84,138,90,77,115,151,128,86,199,171,97,78,94,133,90,83,135,206,128,112,211,233,176,153,366,592,231,233,229,275,144,181,188,201,82,105,114,94,71,100,150,203,106,104,98,142,88,95,119,103,42,60,95,69,60,80,130,178,78,65,101,108,82,67,103,96,77,135,145,86,74,183,279,140,76,82,89,108,102,141,175,121,102,177,325,106,159,300,595,222,121,134,145,128,103,134,210,95,89,77,108,73,81,133,223,122,74,85,112,91,80,125,201,78,61,82,139,81,94,136,339,140,99,89,277,88,72,95,159,102,91,151,261,124,143,430,610,85,106,68,127,124,143,216,364,316,125,256,597,188,290,674,22294
piano (8).jpg,3457,845,643,244,919,429,239,162,579,196,213,137,241,93,268,221,872,368,173,116,378,381,107,108,259,126,99,109,174,123,216,279,615,146,163,81,200,90,67,62,205,49,88,54,152,49,109,89,250,118,83,53,125,67,67,85,280,106,97,77,264,114,196,223,937,335,212,97,290,218,115,109,186,70,72,59,87,43,120,103,440,302,85,61,219,128,67,82,121,60,57,81,113,83,94,192,250,121,79,55,122,58,72,61,109,58,54,52,130,62,117,130,188,103,57,67,106,85,73,123,252,103,134,133,301,165,237,400,623,273,180,306,162,136,118,228,169,72,71,87,80,61,106,215,187,118,77,116,90,60,58,112,68,42,47,80,68,78,97,206,183,91,91,94,71,62,57,114,96,39,123,211,55,57,233,372,141,104,45,79,62,78,61,144,96,90,196,306,112,130,323,775,241,193,142,237,117,115,149,275,96,52,64,90,51,56,97,233,98,96,65,124,69,83,54,183,77,54,65,129,75,141,145,446,345,201,114,380,98,121,126,214,111,111,253,280,116,127,298,632,236,281,96,230,113,188,114,407,365,235,354,741,223,452,685,23466
piano (9).jpg,3410,696,598,295,738,227,312,207,512,125,176,98,292,68,382,275,725,344,154,117,221,152,74,96,309,130,120,137,219,103,275,363,549,139,142,72,175,66,59,56,187,61,68,39,131,45,126,79,267,128,78,66,78,56,64,78,380,194,110,129,293,157,292,285,712,217,158,85,341,126,117,93,147,49,51,47,141,67,162,107,257,156,53,47,187,98,48,64,86,59,69,71,115,81,140,173,303,80,62,60,141,44,48,65,117,47,56,54,217,64,123,137,217,113,51,66,82,73,55,116,293,136,100,155,394,173,303,533,487,247,188,314,130,96,118,247,99,63,52,89,52,57,100,272,124,128,61,160,47,54,44,127,62,60,49,118,51,81,94,310,182,120,61,114,62,57,59,96,61,39,87,120,57,50,139,224,99,121,39,142,47,82,48,132,111,121,157,374,89,151,268,841,307,210,119,272,155,80,184,371,53,57,57,87,64,61,117,291,103,100,58,144,58,69,58,214,47,60,44,154,60,122,147,563,390,295,105,378,155,140,103,286,115,94,140,213,132,134,407,804,312,372,89,350,102,196,129,525,410,300,259,912,281,598,881,14675
rand.jpg,2292,377,583,175,385,114,171,266,474,109,110,70,181,64,152,234,387,114,138,61,136,41,65,72,163,49,59,39,354,73,249,147,626,123,1385,78,131,39,78,47,112,40,92,24,68,26,113,56,130,49,64,39,55,23,65,39,145,52,117,41,281,71,1469,180,375,131,127,73,117,42,48,64,95,38,32,27,45,23,43,67,116,43,55,28,46,23,25,52,50,20,25,30,73,57,73,118,160,63,70,78,43,38,33,49,48,24,22,23,36,22,49,60,263,82,47,58,68,66,60,169,195,57,54,89,142,92,201,408,483,189,119,182,78,55,70,257,469,53,46,77,50,43,69,535,81,43,31,46,38,21,36,57,72,25,31,55,62,43,59,225,108,87,68,112,39,22,30,51,55,27,29,44,35,15,24,120,60,48,28,47,25,30,19,80,78,42,42,72,67,75,154,364,175,345,73,308,40,89,38,164,58,83,21,66,24,65,49,249,49,85,28,74,20,70,27,101,58,58,25,92,52,234,67,479,163,294,102,1533,42,81,47,219,78,84,44,140,35,83,79,367,193,179,76,208,61,113,62,386,489,200,104,347,182,473,355,15543
vissign1.jpg,10911,1878,1895,660,1877,574,616,559,1565,423,416,165,660,223,857,631,1884,550,521,183,539,282,205,172,646,224,163,126,646,184,670,467,1863,506,528,170,475,307,167,146,431,189,151,73,198,141,226,208,599,213,169,87,190,154,126,121,787,259,224,178,703,251,740,729,1831,541,489,183,534,229,190,187,424,204,194,117,202,125,264,256,568,258,283,151,272,224,142,171,198,161,136,125,185,178,283,453,649,219,198,150,194,163,88,123,172,97,88,93,117,124,165,308,597,199,144,121,177,155,120,261,653,281,216,324,505,416,736,1424,1493,645,390,840,398,217,152,646,437,153,129,177,182,117,194,730,413,203,168,237,184,153,103,251,155,95,84,156,140,145,213,666,402,188,152,211,181,147,98,228,125,80,93,140,95,90,124,477,211,130,86,173,112,129,80,331,196,168,105,381,232,323,491,1776,643,608,194,714,205,193,130,528,156,129,99,209,93,133,169,725,215,166,143,272,148,173,116,452,111,150,107,330,134,267,303,1522,813,662,208,897,216,288,170,661,189,179,137,477,148,341,402,1760,631,480,215,722,251,438,317,1388,940,657,504,1764,703,1520,1741,53192
